DATE,SERIES,Day,Month,Quarter,Year,OPEN,HIGH,LOW,PREV. CLOSE,LTP,CLOSE,VWAP,52W H,52W L,VOLUME,No of Trades
19-Dec-25,EQ,Friday,December,Q4,2025,2249.00,2250.00,2210.00,2229.30,2243.90,2239.00,2230.79,2695.00,2026.55,880005.00,31918.00
18-Dec-25,EQ,Thursday,December,Q4,2025,2236.40,2245.00,2211.10,2232.50,2228.20,2229.30,2230.17,2695.00,2026.55,508238.00,25318.00
17-Dec-25,EQ,Wednesday,December,Q4,2025,2247.60,2255.00,2221.00,2247.90,2232.00,2232.50,2234.72,2695.00,2026.55,651509.00,34504.00
16-Dec-25,EQ,Tuesday,December,Q4,2025,2270.00,2276.80,2232.10,2278.90,2242.00,2247.90,2248.44,2695.00,2026.55,654714.00,34760.00
15-Dec-25,EQ,Monday,December,Q4,2025,2282.40,2300.00,2273.00,2282.40,2280.00,2278.90,2284.25,2695.00,2026.55,573027.00,29762.00
12-Dec-25,EQ,Friday,December,Q4,2025,2277.70,2296.80,2270.20,2277.70,2284.00,2282.40,2282.72,2695.00,2026.55,929199.00,31417.00
11-Dec-25,EQ,Thursday,December,Q4,2025,2225.00,2293.90,2192.40,2211.60,2270.20,2277.70,2255.58,2695.00,2026.55,1519832.00,52376.00
10-Dec-25,EQ,Wednesday,December,Q4,2025,2255.80,2267.50,2204.10,2245.20,2213.90,2211.60,2239.02,2695.00,2026.55,935149.00,37803.00
9-Dec-25,EQ,Tuesday,December,Q4,2025,2216.20,2257.00,2178.40,2216.20,2250.00,2245.20,2226.67,2695.00,2026.55,1227728.00,51676.00
8-Dec-25,EQ,Monday,December,Q4,2025,2265.40,2270.40,2205.00,2265.40,2212.00,2216.20,2229.82,2695.00,2026.55,939764.00,43380.00
5-Dec-25,EQ,Friday,December,Q4,2025,2217.90,2268.60,2202.90,2217.90,2263.00,2265.40,2240.36,2695.00,2026.55,2400781.00,67680.00
4-Dec-25,EQ,Thursday,December,Q4,2025,2188.00,2231.70,2183.40,2189.80,2216.80,2217.90,2212.67,2695.00,2026.55,2522821.00,67347.00
3-Dec-25,EQ,Wednesday,December,Q4,2025,2240.00,2245.00,2172.20,2239.60,2191.60,2189.80,2204.17,2695.00,2026.55,1643852.00,63240.00
2-Dec-25,EQ,Tuesday,December,Q4,2025,2255.00,2267.20,2232.20,2262.00,2239.00,2239.60,2244.60,2695.00,2026.55,1035354.00,46209.00
1-Dec-25,EQ,Monday,December,Q4,2025,2300.00,2304.00,2257.00,2280.20,2259.90,2262.00,2277.13,2695.00,2026.55,1313265.00,42480.00
28-Nov-25,EQ,Friday,November,Q4,2025,2267.10,2331.00,2247.80,2255.00,2282.00,2280.20,2295.96,2695.00,2026.55,3037620.00,86014.00
27-Nov-25,EQ,Thursday,November,Q4,2025,2310.00,2320.50,2243.00,2315.00,2249.00,2255.00,2283.07,2695.00,2026.55,1474038.00,61990.00
26-Nov-25,EQ,Wednesday,November,Q4,2025,2321.20,2357.00,2310.00,2332.90,2313.90,2315.00,2334.95,2695.00,2026.55,1026965.00,47392.00
25-Nov-25,EQ,Tuesday,November,Q4,2025,2400.90,2407.70,2325.30,2399.20,2329.40,2332.90,2364.69,2695.00,2026.55,2223715.00,69285.00
24-Nov-25,EQ,Monday,November,Q4,2025,2426.20,2432.30,2393.10,2422.30,2398.90,2399.20,2409.75,2695.00,2026.55,691419.00,32464.00
21-Nov-25,EQ,Friday,November,Q4,2025,2450.00,2456.20,2418.00,2446.10,2419.00,2422.30,2433.91,2894.80,2025.00,547541.00,23006.00
20-Nov-25,EQ,Thursday,November,Q4,2025,2450.10,2478.90,2440.40,2433.10,2448.00,2446.10,2456.68,2894.80,2025.00,1526556.00,49383.00
19-Nov-25,EQ,Wednesday,November,Q4,2025,2446.50,2449.90,2413.90,2436.80,2431.00,2433.10,2432.60,2894.80,2025.00,774785.00,29152.00
18-Nov-25,EQ,Tuesday,November,Q4,2025,2462.00,2478.60,2434.30,2462.00,2439.00,2436.80,2448.31,2894.80,2025.00,1245215.00,33053.00
17-Nov-25,EQ,Monday,November,Q4,2025,2460.00,2474.90,2421.00,2516.80,2466.80,2462.00,2448.66,2894.80,2025.00,2672697.00,64529.00
14-Nov-25,EQ,Friday,November,Q4,2025,2500.00,2553.70,2481.00,2488.20,2524.10,2516.80,2524.48,2946.80,2025.00,4496233.00,98231.00
13-Nov-25,EQ,Thursday,November,Q4,2025,2502.00,2525.00,2468.10,2484.50,2488.00,2488.20,2495.26,2946.80,2025.00,2706326.00,69562.00
12-Nov-25,EQ,Wednesday,November,Q4,2025,2384.00,2517.50,2361.00,2366.80,2485.20,2484.50,2468.19,2946.80,2025.00,6685426.00,166963.00
11-Nov-25,EQ,Tuesday,November,Q4,2025,2368.00,2378.90,2338.50,2370.70,2370.20,2366.80,2359.28,2946.80,2025.00,634172.00,33161.00
10-Nov-25,EQ,Monday,November,Q4,2025,2380.90,2388.00,2364.00,2369.40,2365.00,2370.70,2374.43,2946.80,2025.00,559808.00,30696.00
7-Nov-25,EQ,Friday,November,Q4,2025,2315.00,2402.50,2291.40,2314.30,2374.80,2369.40,2362.99,3070.00,2025.00,2232889.00,69168.00
6-Nov-25,EQ,Thursday,November,Q4,2025,2425.10,2427.10,2307.60,2419.80,2311.00,2314.30,2346.40,3070.00,2025.00,1978147.00,87565.00
4-Nov-25,EQ,Tuesday,November,Q4,2025,2479.80,2488.90,2390.60,2467.00,2399.90,2419.80,2433.37,3070.00,2025.00,2072668.00,77117.00
3-Nov-25,EQ,Monday,November,Q4,2025,2484.00,2501.90,2457.50,2481.00,2469.50,2467.00,2476.60,3070.00,2025.00,731108.00,36644.00
31-Oct-25,EQ,Friday,October,Q4,2025,2535.00,2543.50,2464.90,2526.90,2474.90,2481.00,2506.83,3070.00,2025.00,848642.00,36750.00
30-Oct-25,EQ,Thursday,October,Q4,2025,2550.00,2559.40,2511.80,2537.40,2528.80,2526.90,2533.16,3070.00,2025.00,783328.00,30911.00
29-Oct-25,EQ,Wednesday,October,Q4,2025,2500.00,2600.00,2495.50,2494.40,2553.50,2537.40,2557.11,3070.00,2025.00,1526734.00,63774.00
28-Oct-25,EQ,Tuesday,October,Q4,2025,2495.00,2516.00,2479.10,2492.80,2499.00,2494.40,2497.36,3070.00,2025.00,626988.00,43588.00
27-Oct-25,EQ,Monday,October,Q4,2025,2504.20,2514.60,2487.10,2504.20,2490.00,2492.80,2498.12,3070.00,2025.00,478055.00,28241.00
24-Oct-25,EQ,Friday,October,Q4,2025,2554.80,2554.80,2497.70,2545.80,2505.70,2504.20,2517.27,3070.00,2025.00,473765.00,26841.00
23-Oct-25,EQ,Thursday,October,Q4,2025,2559.90,2577.80,2540.90,2549.90,2544.90,2545.80,2561.59,3070.00,2025.00,852445.00,28965.00
21-Oct-25,EQ,Tuesday,October,Q4,2025,2554.90,2562.00,2542.30,2548.10,2548.50,2549.90,2552.61,3070.00,2025.00,101019.00,5843.00
20-Oct-25,EQ,Monday,October,Q4,2025,2561.30,2579.00,2537.10,2549.40,2550.00,2548.10,2555.35,3070.00,2025.00,747349.00,36293.00
17-Oct-25,EQ,Friday,October,Q4,2025,2560.00,2577.20,2543.10,2557.60,2545.00,2549.40,2557.23,3150.10,2025.00,682968.00,28888.00
16-Oct-25,EQ,Thursday,October,Q4,2025,2544.80,2579.70,2540.90,2532.80,2554.50,2557.60,2563.43,3150.10,2025.00,1020102.00,36921.00
15-Oct-25,EQ,Wednesday,October,Q4,2025,2535.00,2561.40,2527.30,2517.00,2538.80,2532.80,2542.20,3150.10,2025.00,759772.00,32585.00
14-Oct-25,EQ,Tuesday,October,Q4,2025,2538.90,2538.90,2485.20,2527.40,2519.00,2517.00,2510.23,3150.10,2025.00,673048.00,30957.00
13-Oct-25,EQ,Monday,October,Q4,2025,2529.10,2542.10,2504.00,2550.90,2523.50,2527.40,2523.35,3150.10,2025.00,645483.00,28683.00
10-Oct-25,EQ,Friday,October,Q4,2025,2552.00,2565.00,2538.80,2542.40,2542.10,2550.90,2552.39,3211.00,2025.00,690142.00,30769.00
9-Oct-25,EQ,Thursday,October,Q4,2025,2535.00,2559.00,2522.20,2524.10,2547.00,2542.40,2544.74,3211.00,2025.00,651703.00,28591.00
8-Oct-25,EQ,Wednesday,October,Q4,2025,2562.00,2565.00,2500.00,2542.20,2525.00,2524.10,2524.68,3211.00,2025.00,1063357.00,40794.00
7-Oct-25,EQ,Tuesday,October,Q4,2025,2580.70,2617.30,2533.10,2573.50,2556.50,2542.20,2579.42,3211.00,2025.00,1120230.00,48731.00
6-Oct-25,EQ,Monday,October,Q4,2025,2589.10,2599.80,2562.60,2589.90,2573.00,2573.50,2575.41,3211.00,2025.00,654955.00,29063.00
3-Oct-25,EQ,Friday,October,Q4,2025,2595.00,2612.90,2564.40,2592.70,2586.10,2589.90,2588.49,3211.00,2025.00,917651.00,37872.00
1-Oct-25,EQ,Wednesday,October,Q4,2025,2518.40,2603.40,2472.10,2505.90,2594.30,2592.70,2534.70,3211.00,2025.00,1573485.00,57732.00
30-Sep-25,EQ,Tuesday,September,Q3,2025,2522.00,2535.00,2490.60,2509.50,2509.00,2505.90,2512.97,3211.00,2025.00,712592.00,38461.00
29-Sep-25,EQ,Monday,September,Q3,2025,2543.70,2555.00,2505.00,2543.70,2521.00,2509.50,2528.21,3211.00,2025.00,1012402.00,48219.00
26-Sep-25,EQ,Friday,September,Q3,2025,2572.80,2605.00,2535.00,2576.40,2535.60,2543.70,2570.86,3211.00,2025.00,1037808.00,46432.00
25-Sep-25,EQ,Thursday,September,Q3,2025,2625.00,2647.90,2567.00,2619.80,2573.30,2576.40,2608.32,3211.00,2025.00,1489682.00,50400.00
24-Sep-25,EQ,Wednesday,September,Q3,2025,2655.00,2676.00,2614.40,2676.40,2624.00,2619.80,2647.88,3211.00,2025.00,1720785.00,60770.00
23-Sep-25,EQ,Tuesday,September,Q3,2025,2642.60,2695.00,2593.00,2629.50,2666.00,2676.40,2665.79,3211.00,2025.00,5610022.00,167336.00
22-Sep-25,EQ,Monday,September,Q3,2025,2535.00,2659.00,2522.10,2524.00,2624.50,2629.50,2615.49,3211.00,2025.00,7022985.00,200598.00
19-Sep-25,EQ,Friday,September,Q3,2025,2495.00,2579.00,2466.10,2402.00,2528.00,2524.00,2520.01,3211.00,2025.00,7965135.00,238677.00
18-Sep-25,EQ,Thursday,September,Q3,2025,2414.50,2438.00,2388.40,2402.00,2402.00,2402.00,2409.55,3211.00,2025.00,703730.00,35404.00
17-Sep-25,EQ,Wednesday,September,Q3,2025,2417.00,2417.00,2391.00,2399.40,2408.00,2402.00,2402.50,3211.00,2025.00,514354.00,30311.00
16-Sep-25,EQ,Tuesday,September,Q3,2025,2410.00,2415.80,2388.00,2383.40,2401.00,2399.40,2398.04,3211.00,2025.00,752979.00,33207.00
15-Sep-25,EQ,Monday,September,Q3,2025,2392.00,2402.80,2378.10,2392.00,2381.00,2383.40,2389.59,3211.00,2025.00,298129.00,20087.00
12-Sep-25,EQ,Friday,September,Q3,2025,2416.90,2421.60,2387.10,2398.80,2389.00,2392.00,2403.95,3211.00,2025.00,533971.00,27629.00
11-Sep-25,EQ,Thursday,September,Q3,2025,2348.00,2418.70,2340.20,2340.20,2408.00,2398.80,2394.03,3211.00,2025.00,2111888.00,91785.00
10-Sep-25,EQ,Wednesday,September,Q3,2025,2330.00,2345.90,2325.10,2311.60,2340.80,2340.20,2337.73,3211.00,2025.00,390490.00,26122.00
9-Sep-25,EQ,Tuesday,September,Q3,2025,2320.00,2325.00,2297.00,2310.90,2313.80,2311.60,2312.02,3211.00,2025.00,369431.00,25802.00
8-Sep-25,EQ,Monday,September,Q3,2025,2290.00,2333.90,2286.00,2281.40,2319.00,2310.90,2317.98,3211.00,2025.00,542811.00,33564.00
5-Sep-25,EQ,Friday,September,Q3,2025,2275.00,2293.50,2248.00,2278.80,2282.50,2281.40,2273.81,3211.00,2025.00,443010.00,28096.00
4-Sep-25,EQ,Thursday,September,Q3,2025,2309.90,2317.30,2275.00,2288.70,2280.00,2278.80,2291.33,3211.00,2025.00,392697.00,29912.00
3-Sep-25,EQ,Wednesday,September,Q3,2025,2285.00,2293.00,2263.10,2274.20,2292.00,2288.70,2279.50,3211.00,2025.00,443629.00,28773.00
2-Sep-25,EQ,Tuesday,September,Q3,2025,2291.00,2302.00,2264.00,2284.20,2278.00,2274.20,2283.41,3211.00,2025.00,481894.00,37899.00
1-Sep-25,EQ,Monday,September,Q3,2025,2259.00,2288.00,2252.10,2244.70,2286.60,2284.20,2274.83,3211.00,2025.00,425639.00,29502.00
29-Aug-25,EQ,Friday,August,Q3,2025,2283.00,2289.70,2240.00,2275.20,2247.90,2244.70,2257.72,3211.00,2025.00,795699.00,50217.00
28-Aug-25,EQ,Thursday,August,Q3,2025,2271.90,2327.90,2255.00,2272.00,2282.10,2275.20,2295.19,3211.00,2025.00,907868.00,55327.00
26-Aug-25,EQ,Tuesday,August,Q3,2025,2304.00,2309.30,2249.40,2302.90,2286.00,2272.00,2271.65,3211.00,2025.00,1071550.00,49449.00
25-Aug-25,EQ,Monday,August,Q3,2025,2335.70,2348.40,2300.00,2324.90,2302.80,2302.90,2317.89,3211.00,2025.00,542455.00,28277.00
22-Aug-25,EQ,Friday,August,Q3,2025,2369.90,2376.30,2321.00,2377.20,2323.00,2324.90,2338.18,3211.00,2025.00,584211.00,34341.00
21-Aug-25,EQ,Thursday,August,Q3,2025,2387.10,2397.00,2371.40,2387.10,2373.00,2377.20,2384.83,3211.00,2025.00,441867.00,24817.00
20-Aug-25,EQ,Wednesday,August,Q3,2025,2380.00,2406.00,2372.10,2388.40,2391.00,2387.10,2389.93,3211.00,2025.00,780025.00,34030.00
19-Aug-25,EQ,Tuesday,August,Q3,2025,2339.90,2395.60,2314.10,2333.60,2380.70,2388.40,2368.18,3211.00,2025.00,1069432.00,58469.00
18-Aug-25,EQ,Monday,August,Q3,2025,2309.60,2360.00,2300.00,2281.60,2325.50,2333.60,2339.34,3211.00,2025.00,988629.00,45655.00
14-Aug-25,EQ,Thursday,August,Q3,2025,2288.00,2304.00,2267.70,2280.10,2280.10,2281.60,2285.60,3211.00,2025.00,998109.00,39420.00
13-Aug-25,EQ,Wednesday,August,Q3,2025,2299.00,2314.90,2245.40,2288.20,2287.00,2280.10,2278.92,3211.00,2025.00,833679.00,42397.00
12-Aug-25,EQ,Tuesday,August,Q3,2025,2280.10,2314.70,2267.00,2283.40,2294.50,2288.20,2290.14,3211.00,2025.00,1075526.00,61725.00
11-Aug-25,EQ,Monday,August,Q3,2025,2196.00,2302.00,2183.00,2178.10,2270.20,2283.40,2257.64,3211.00,2025.00,2376286.00,118272.00
8-Aug-25,EQ,Friday,August,Q3,2025,2247.00,2260.90,2164.80,2249.80,2179.00,2178.10,2185.27,3242.65,2025.00,2552736.00,101023.00
7-Aug-25,EQ,Thursday,August,Q3,2025,2290.00,2295.00,2202.80,2300.30,2245.90,2249.80,2244.12,3242.65,2025.00,1529410.00,72389.00
6-Aug-25,EQ,Wednesday,August,Q3,2025,2333.90,2347.90,2296.00,2328.20,2300.00,2300.30,2311.60,3242.65,2025.00,631582.00,35196.00
5-Aug-25,EQ,Tuesday,August,Q3,2025,2370.00,2370.00,2316.00,2363.60,2333.00,2328.20,2333.43,3242.65,2025.00,576742.00,36761.00
4-Aug-25,EQ,Monday,August,Q3,2025,2360.00,2374.70,2338.20,2350.90,2364.70,2363.60,2358.52,3242.65,2025.00,576426.00,35680.00
1-Aug-25,EQ,Friday,August,Q3,2025,2425.00,2444.90,2333.00,2430.70,2341.50,2350.90,2387.30,3258.00,2025.00,976341.00,50438.00
31-Jul-25,EQ,Thursday,July,Q3,2025,2509.90,2520.00,2422.60,2532.90,2430.00,2430.70,2466.47,3258.00,2025.00,1457616.00,74728.00
30-Jul-25,EQ,Wednesday,July,Q3,2025,2547.90,2552.60,2525.00,2547.90,2527.00,2532.90,2541.06,3258.00,2025.00,262063.00,22733.00
29-Jul-25,EQ,Tuesday,July,Q3,2025,2529.00,2557.40,2507.50,2522.30,2545.50,2547.90,2534.72,3258.00,2025.00,424781.00,32528.00
28-Jul-25,EQ,Monday,July,Q3,2025,2549.00,2585.00,2512.60,2550.10,2528.00,2522.30,2545.55,3258.00,2025.00,428409.00,33834.00
25-Jul-25,EQ,Friday,July,Q3,2025,2605.00,2617.00,2544.10,2608.40,2549.50,2550.10,2568.46,3258.00,2025.00,424612.00,30247.00
24-Jul-25,EQ,Thursday,July,Q3,2025,2615.40,2624.20,2595.00,2614.50,2608.00,2608.40,2607.65,3258.00,2025.00,253782.00,22026.00
23-Jul-25,EQ,Wednesday,July,Q3,2025,2600.70,2625.90,2593.50,2587.80,2615.50,2614.50,2612.73,3258.00,2025.00,316424.00,24447.00
22-Jul-25,EQ,Tuesday,July,Q3,2025,2626.00,2630.00,2581.60,2619.50,2593.90,2587.80,2599.99,3258.00,2025.00,387055.00,25897.00
21-Jul-25,EQ,Monday,July,Q3,2025,2596.30,2624.90,2585.00,2596.10,2615.70,2619.50,2612.22,3258.00,2025.00,369782.00,28077.00
18-Jul-25,EQ,Friday,July,Q3,2025,2612.00,2626.70,2584.20,2616.60,2594.20,2596.10,2599.80,3258.00,2025.00,479942.00,32389.00
17-Jul-25,EQ,Thursday,July,Q3,2025,2612.00,2654.50,2605.30,2608.50,2614.90,2616.60,2628.55,3258.00,2025.00,785771.00,43962.00
16-Jul-25,EQ,Wednesday,July,Q3,2025,2602.50,2619.50,2595.50,2598.20,2608.20,2608.50,2610.55,3258.00,2025.00,686644.00,37057.00
15-Jul-25,EQ,Tuesday,July,Q3,2025,2588.00,2606.90,2576.00,2581.30,2603.10,2598.20,2593.15,3258.00,2025.00,379425.00,24377.00
14-Jul-25,EQ,Monday,July,Q3,2025,2555.00,2604.80,2543.50,2558.70,2578.00,2581.30,2576.63,3258.00,2025.00,536585.00,34764.00
11-Jul-25,EQ,Friday,July,Q3,2025,2575.00,2591.90,2551.90,2581.00,2562.90,2558.70,2567.75,3258.00,2025.00,390645.00,26150.00
10-Jul-25,EQ,Thursday,July,Q3,2025,2591.00,2604.00,2575.00,2583.00,2581.00,2581.00,2586.00,3258.00,2025.00,306565.00,24631.00
9-Jul-25,EQ,Wednesday,July,Q3,2025,2599.00,2609.90,2570.00,2591.30,2582.30,2583.00,2588.47,3258.00,2025.00,396880.00,25511.00
8-Jul-25,EQ,Tuesday,July,Q3,2025,2586.00,2600.00,2573.00,2576.10,2588.00,2591.30,2585.46,3258.00,2025.00,357701.00,24369.00
7-Jul-25,EQ,Monday,July,Q3,2025,2602.00,2605.40,2572.00,2599.10,2587.60,2576.10,2582.98,3258.00,2025.00,412159.00,30384.00
4-Jul-25,EQ,Friday,July,Q3,2025,2617.00,2617.00,2582.20,2611.20,2599.00,2599.10,2599.15,3258.00,2025.00,370305.00,25138.00
3-Jul-25,EQ,Thursday,July,Q3,2025,2634.00,2644.00,2605.10,2630.20,2608.00,2611.20,2618.10,3258.00,2025.00,502724.00,29883.00
2-Jul-25,EQ,Wednesday,July,Q3,2025,2634.00,2646.00,2613.60,2621.80,2629.00,2630.20,2630.67,3258.00,2025.00,621409.00,34383.00
1-Jul-25,EQ,Tuesday,July,Q3,2025,2624.90,2645.00,2603.00,2619.40,2626.00,2621.80,2625.01,3258.00,2025.00,729197.00,37539.00
30-Jun-25,EQ,Monday,June,Q2,2025,2650.00,2653.90,2605.90,2646.30,2624.80,2619.40,2623.16,3258.00,2025.00,694815.00,51699.00
27-Jun-25,EQ,Friday,June,Q2,2025,2587.70,2681.60,2582.00,2586.20,2644.80,2646.30,2642.47,3258.00,2025.00,4049316.00,121691.00
26-Jun-25,EQ,Thursday,June,Q2,2025,2535.00,2593.60,2522.20,2527.20,2580.00,2586.20,2559.96,3258.00,2025.00,1339627.00,57666.00
25-Jun-25,EQ,Wednesday,June,Q2,2025,2519.90,2541.60,2512.10,2505.60,2530.00,2527.20,2527.87,3258.00,2025.00,921346.00,34059.00
24-Jun-25,EQ,Tuesday,June,Q2,2025,2504.00,2544.60,2500.20,2472.00,2505.00,2505.60,2523.06,3258.00,2025.00,996405.00,53316.00
23-Jun-25,EQ,Monday,June,Q2,2025,2438.00,2492.60,2421.00,2448.40,2466.00,2472.00,2467.70,3258.00,2025.00,790535.00,34421.00
20-Jun-25,EQ,Friday,June,Q2,2025,2428.00,2461.30,2415.00,2420.60,2449.60,2448.40,2447.49,3345.00,2025.00,3002549.00,67242.00
19-Jun-25,EQ,Thursday,June,Q2,2025,2466.30,2468.90,2405.10,2459.10,2414.00,2420.60,2431.18,3345.00,2025.00,688209.00,46707.00
18-Jun-25,EQ,Wednesday,June,Q2,2025,2491.90,2495.90,2445.40,2488.50,2456.90,2459.10,2467.90,3345.00,2025.00,667044.00,40514.00
17-Jun-25,EQ,Tuesday,June,Q2,2025,2535.00,2539.60,2479.00,2544.00,2485.20,2488.50,2499.54,3345.00,2025.00,703343.00,34502.00
16-Jun-25,EQ,Monday,June,Q2,2025,2500.00,2563.30,2462.00,2507.90,2539.90,2544.00,2527.44,3345.00,2025.00,956459.00,41826.00
13-Jun-25,EQ,Friday,June,Q2,2025,2498.00,2516.00,2460.00,2543.70,2506.00,2507.90,2502.73,3345.00,2025.00,695869.00,41308.00
12-Jun-25,EQ,Thursday,June,Q2,2025,2591.50,2601.80,2530.00,2581.20,2536.00,2543.70,2561.98,3345.00,2025.00,955097.00,57018.00
11-Jun-25,EQ,Wednesday,June,Q2,2025,2630.00,2630.90,2563.10,2613.10,2584.10,2581.20,2596.52,3345.00,2025.00,745432.00,37014.00
10-Jun-25,EQ,Tuesday,June,Q2,2025,2600.00,2663.20,2577.70,2582.10,2618.00,2613.10,2626.35,3345.00,2025.00,2084054.00,86665.00
9-Jun-25,EQ,Monday,June,Q2,2025,2545.00,2604.10,2524.50,2534.20,2582.00,2582.10,2568.33,3345.00,2025.00,1711167.00,56427.00
6-Jun-25,EQ,Friday,June,Q2,2025,2514.90,2553.30,2504.00,2504.40,2535.00,2534.20,2534.95,3743.90,2025.00,640680.00,53932.00
5-Jun-25,EQ,Thursday,June,Q2,2025,2495.00,2530.10,2487.50,2489.40,2510.00,2504.40,2510.52,3743.90,2025.00,673209.00,38579.00
4-Jun-25,EQ,Wednesday,June,Q2,2025,2480.00,2503.00,2441.10,2470.90,2487.00,2489.40,2475.85,3743.90,2025.00,552667.00,34151.00
3-Jun-25,EQ,Tuesday,June,Q2,2025,2511.00,2512.50,2452.00,2518.80,2471.10,2470.90,2480.64,3743.90,2025.00,962708.00,48961.00
2-Jun-25,EQ,Monday,June,Q2,2025,2527.00,2564.00,2514.90,2519.90,2524.70,2518.80,2534.89,3743.90,2025.00,1008716.00,49113.00
30-May-25,EQ,Friday,May,Q2,2025,2550.00,2564.00,2513.80,2540.80,2518.00,2519.90,2530.54,3743.90,2025.00,684592.00,37146.00
29-May-25,EQ,Thursday,May,Q2,2025,2536.70,2559.00,2511.00,2515.00,2543.00,2540.80,2535.48,3743.90,2025.00,802317.00,41626.00
28-May-25,EQ,Wednesday,May,Q2,2025,2559.00,2559.00,2510.00,2540.30,2517.50,2515.00,2529.94,3743.90,2025.00,575989.00,26261.00
27-May-25,EQ,Tuesday,May,Q2,2025,2545.90,2569.10,2526.10,2547.70,2536.00,2540.30,2547.98,3743.90,2025.00,514936.00,37644.00
26-May-25,EQ,Monday,May,Q2,2025,2549.10,2568.90,2541.30,2540.00,2543.60,2547.70,2554.17,3743.90,2025.00,552912.00,31870.00
23-May-25,EQ,Friday,May,Q2,2025,2499.00,2548.10,2490.50,2487.60,2537.00,2540.00,2530.50,3743.90,2025.00,968415.00,37154.00
22-May-25,EQ,Thursday,May,Q2,2025,2500.40,2521.90,2465.30,2500.40,2496.60,2487.60,2492.02,3743.90,2025.00,906909.00,50284.00
21-May-25,EQ,Wednesday,May,Q2,2025,2509.70,2524.50,2483.70,2501.60,2503.00,2500.40,2503.22,3743.90,2025.00,529234.00,34568.00
20-May-25,EQ,Tuesday,May,Q2,2025,2545.00,2564.80,2492.50,2540.60,2505.90,2501.60,2530.10,3743.90,2025.00,628023.00,42558.00
19-May-25,EQ,Monday,May,Q2,2025,2571.30,2578.80,2536.00,2555.00,2538.00,2540.60,2556.88,3743.90,2025.00,681000.00,41131.00
16-May-25,EQ,Friday,May,Q2,2025,2529.00,2584.20,2516.20,2520.00,2551.00,2555.00,2555.88,3743.90,2025.00,1641135.00,64469.00
15-May-25,EQ,Thursday,May,Q2,2025,2463.40,2526.80,2450.70,2461.90,2519.00,2520.00,2499.39,3743.90,2025.00,1554801.00,106591.00
14-May-25,EQ,Wednesday,May,Q2,2025,2444.90,2481.90,2430.10,2441.20,2463.00,2461.90,2464.92,3743.90,2025.00,774441.00,46754.00
13-May-25,EQ,Tuesday,May,Q2,2025,2425.00,2454.90,2405.00,2425.30,2438.20,2441.20,2430.56,3743.90,2025.00,1815179.00,88886.00
12-May-25,EQ,Monday,May,Q2,2025,2350.00,2433.30,2315.00,2251.00,2425.00,2425.30,2404.10,3743.90,2025.00,2147039.00,89860.00
9-May-25,EQ,Friday,May,Q2,2025,2240.00,2273.10,2233.00,2285.30,2255.00,2251.00,2247.36,3743.90,2025.00,1006000.00,54744.00
8-May-25,EQ,Thursday,May,Q2,2025,2362.00,2367.80,2260.00,2353.10,2270.00,2285.30,2316.22,3743.90,2025.00,1380069.00,77928.00
7-May-25,EQ,Wednesday,May,Q2,2025,2315.00,2379.50,2315.00,2354.00,2349.00,2353.10,2352.03,3743.90,2025.00,1012640.00,72371.00
6-May-25,EQ,Tuesday,May,Q2,2025,2454.00,2463.20,2343.50,2455.50,2350.00,2354.00,2393.88,3743.90,2025.00,1524692.00,76489.00
5-May-25,EQ,Monday,May,Q2,2025,2312.60,2497.00,2297.80,2294.20,2465.00,2455.50,2437.24,3743.90,2025.00,4227194.00,183049.00
2-May-25,EQ,Friday,May,Q2,2025,2349.90,2372.40,2289.40,2301.30,2290.00,2294.20,2324.92,3743.90,2025.00,1958739.00,97216.00
30-Apr-25,EQ,Wednesday,April,Q2,2025,2331.40,2340.00,2285.00,2330.60,2290.00,2301.30,2313.67,3743.90,2025.00,837464.00,52676.00
29-Apr-25,EQ,Tuesday,April,Q2,2025,2392.00,2400.00,2325.60,2369.80,2330.50,2330.60,2353.79,3743.90,2025.00,670730.00,43294.00
28-Apr-25,EQ,Monday,April,Q2,2025,2346.00,2402.00,2337.60,2354.30,2369.10,2369.80,2373.30,3743.90,2025.00,681421.00,48214.00
25-Apr-25,EQ,Friday,April,Q2,2025,2450.10,2459.50,2323.50,2442.50,2346.00,2354.30,2362.60,3743.90,2025.00,1414809.00,82782.00
24-Apr-25,EQ,Thursday,April,Q2,2025,2450.00,2461.40,2425.10,2453.60,2441.00,2442.50,2441.63,3743.90,2025.00,596696.00,45640.00
23-Apr-25,EQ,Wednesday,April,Q2,2025,2460.00,2473.80,2421.20,2445.50,2446.00,2453.60,2448.18,3743.90,2025.00,672262.00,44335.00
22-Apr-25,EQ,Tuesday,April,Q2,2025,2458.90,2483.40,2441.00,2442.70,2442.90,2445.50,2462.49,3743.90,2025.00,766567.00,45565.00
21-Apr-25,EQ,Monday,April,Q2,2025,2426.10,2464.90,2395.50,2418.10,2440.00,2442.70,2436.61,3743.90,2025.00,782559.00,49163.00
17-Apr-25,EQ,Thursday,April,Q2,2025,2418.00,2448.60,2392.00,2415.60,2414.80,2418.10,2423.13,3743.90,2025.00,1054797.00,65818.00
16-Apr-25,EQ,Wednesday,April,Q2,2025,2400.00,2428.00,2382.90,2418.20,2414.10,2415.60,2405.12,3743.90,2025.00,889949.00,49754.00
15-Apr-25,EQ,Tuesday,April,Q2,2025,2375.00,2440.00,2359.00,2321.40,2415.90,2418.20,2410.05,3743.90,2025.00,1145125.00,64533.00
11-Apr-25,EQ,Friday,April,Q2,2025,2303.05,2343.50,2281.00,2236.90,2318.75,2321.40,2317.43,3743.90,2025.00,981463.00,61931.00
9-Apr-25,EQ,Wednesday,April,Q2,2025,2265.70,2279.55,2215.20,2285.70,2243.45,2236.90,2239.69,3743.90,2025.00,1001633.00,56281.00
8-Apr-25,EQ,Tuesday,April,Q2,2025,2270.00,2301.00,2225.00,2212.70,2288.95,2285.70,2273.41,3743.90,2025.00,1224362.00,61791.00
7-Apr-25,EQ,Monday,April,Q2,2025,2150.05,2239.00,2145.00,2334.65,2222.90,2212.70,2195.57,3743.90,2025.00,1567177.00,91075.00
4-Apr-25,EQ,Friday,April,Q2,2025,2394.95,2410.05,2315.50,2410.80,2336.30,2334.65,2344.17,3743.90,2025.00,1219733.00,68843.00
3-Apr-25,EQ,Thursday,April,Q2,2025,2339.75,2429.90,2339.70,2369.40,2414.00,2410.80,2403.94,3743.90,2025.00,1023200.00,59356.00
2-Apr-25,EQ,Wednesday,April,Q2,2025,2339.75,2378.85,2314.55,2335.25,2369.00,2369.40,2352.69,3743.90,2025.00,573928.00,44789.00
1-Apr-25,EQ,Tuesday,April,Q2,2025,2312.00,2358.95,2301.00,2315.80,2340.00,2335.25,2335.05,3743.90,2025.00,501942.00,38905.00
28-Mar-25,EQ,Friday,March,Q1,2025,2376.00,2386.95,2293.70,2363.35,2316.65,2315.80,2330.66,3743.90,2025.00,1838836.00,70667.00
27-Mar-25,EQ,Thursday,March,Q1,2025,2310.00,2373.90,2291.60,2312.60,2363.00,2363.35,2332.26,3743.90,2025.00,1696042.00,81185.00
26-Mar-25,EQ,Wednesday,March,Q1,2025,2324.90,2359.85,2308.05,2320.35,2314.00,2312.60,2332.77,3743.90,2025.00,1078870.00,58779.00
25-Mar-25,EQ,Tuesday,March,Q1,2025,2385.00,2387.65,2315.10,2368.70,2319.50,2320.35,2339.21,3743.90,2025.00,763065.00,46534.00
24-Mar-25,EQ,Monday,March,Q1,2025,2370.00,2395.00,2361.10,2362.80,2370.00,2368.70,2376.20,3743.90,2025.00,1010184.00,39593.00
21-Mar-25,EQ,Friday,March,Q1,2025,2343.80,2389.55,2338.00,2339.30,2365.00,2362.80,2365.79,3743.90,2025.00,1101418.00,55299.00
20-Mar-25,EQ,Thursday,March,Q1,2025,2348.00,2348.00,2299.00,2318.65,2338.05,2339.30,2330.01,3743.90,2025.00,2587051.00,55254.00
19-Mar-25,EQ,Wednesday,March,Q1,2025,2319.95,2342.00,2311.05,2308.50,2316.90,2318.65,2324.68,3743.90,2025.00,1030345.00,42002.00
18-Mar-25,EQ,Tuesday,March,Q1,2025,2274.00,2314.20,2259.75,2252.70,2304.55,2308.50,2291.19,3743.90,2025.00,878007.00,47968.00
17-Mar-25,EQ,Monday,March,Q1,2025,2200.00,2286.90,2198.00,2221.10,2251.00,2252.70,2255.72,3743.90,2025.00,927737.00,52613.00
13-Mar-25,EQ,Thursday,March,Q1,2025,2249.00,2273.00,2215.60,2241.80,2222.45,2221.10,2237.90,3743.90,2025.00,750310.00,52311.00
12-Mar-25,EQ,Wednesday,March,Q1,2025,2270.00,2280.00,2180.95,2250.60,2236.00,2241.80,2230.69,3743.90,2025.00,1049076.00,56794.00
11-Mar-25,EQ,Tuesday,March,Q1,2025,2223.15,2267.85,2208.30,2228.30,2252.65,2250.60,2251.19,3743.90,2025.00,947079.00,54661.00
10-Mar-25,EQ,Monday,March,Q1,2025,2245.00,2288.00,2220.00,2247.50,2224.40,2228.30,2258.17,3743.90,2025.00,940113.00,57381.00
7-Mar-25,EQ,Friday,March,Q1,2025,2249.95,2267.65,2227.00,2252.85,2249.50,2247.50,2247.94,3743.90,2025.00,818806.00,44934.00
6-Mar-25,EQ,Thursday,March,Q1,2025,2260.00,2268.90,2226.15,2245.85,2251.00,2252.85,2250.92,3743.90,2025.00,890270.00,81763.00
5-Mar-25,EQ,Wednesday,March,Q1,2025,2153.95,2258.40,2148.05,2144.80,2242.00,2245.85,2219.60,3743.90,2025.00,1370106.00,81480.00
4-Mar-25,EQ,Tuesday,March,Q1,2025,2085.10,2154.00,2080.00,2117.10,2147.60,2144.80,2133.91,3743.90,2025.00,852978.00,56864.00
3-Mar-25,EQ,Monday,March,Q1,2025,2109.00,2127.25,2026.55,2096.00,2122.00,2117.10,2078.96,3743.90,2025.00,1592611.00,105782.00
28-Feb-25,EQ,Friday,February,Q1,2025,2107.00,2111.35,2072.00,2110.95,2097.55,2096.00,2093.84,3743.90,2025.00,2373922.00,99109.00
27-Feb-25,EQ,Thursday,February,Q1,2025,2143.75,2149.10,2102.50,2129.85,2108.00,2110.95,2122.60,3743.90,2025.00,941950.00,63169.00
25-Feb-25,EQ,Tuesday,February,Q1,2025,2115.15,2158.30,2102.00,2115.15,2130.00,2129.85,2137.55,3743.90,2025.00,802131.00,56102.00
24-Feb-25,EQ,Monday,February,Q1,2025,2128.95,2138.50,2096.70,2133.10,2114.90,2115.15,2116.22,3743.90,2025.00,1032294.00,73399.00
21-Feb-25,EQ,Friday,February,Q1,2025,2190.45,2199.60,2116.85,2179.00,2125.00,2133.10,2152.24,3743.90,2025.00,1540308.00,85375.00
20-Feb-25,EQ,Thursday,February,Q1,2025,2180.80,2216.35,2156.80,2180.80,2178.00,2179.00,2187.58,3743.90,2025.00,1086670.00,74127.00
19-Feb-25,EQ,Wednesday,February,Q1,2025,2166.00,2219.40,2127.00,2220.30,2177.00,2180.80,2187.51,3743.90,2025.00,1203163.00,77627.00
18-Feb-25,EQ,Tuesday,February,Q1,2025,2240.00,2240.00,2166.05,2223.70,2213.05,2220.30,2199.31,3743.90,2025.00,1138090.00,75933.00
17-Feb-25,EQ,Monday,February,Q1,2025,2152.65,2240.40,2110.65,2152.65,2237.30,2223.70,2180.52,3743.90,2025.00,1400160.00,101955.00
14-Feb-25,EQ,Friday,February,Q1,2025,2245.70,2249.30,2124.55,2244.70,2149.00,2152.65,2173.43,3743.90,2025.00,2550043.00,151036.00
13-Feb-25,EQ,Thursday,February,Q1,2025,2354.00,2372.75,2233.40,2353.45,2237.45,2244.70,2296.20,3743.90,2025.00,2551940.00,133317.00
12-Feb-25,EQ,Wednesday,February,Q1,2025,2325.00,2378.45,2281.00,2321.75,2357.00,2353.45,2330.04,3743.90,2025.00,1933098.00,117486.00
11-Feb-25,EQ,Tuesday,February,Q1,2025,2312.00,2397.00,2306.00,2290.80,2321.00,2321.75,2356.84,3743.90,2025.00,4895456.00,217468.00
10-Feb-25,EQ,Monday,February,Q1,2025,2350.00,2350.95,2280.10,2338.80,2287.00,2290.80,2299.96,3743.90,2025.00,739708.00,48267.00
7-Feb-25,EQ,Friday,February,Q1,2025,2312.45,2374.90,2307.35,2312.45,2340.00,2338.80,2340.71,3743.90,2025.00,892900.00,65292.00
6-Feb-25,EQ,Thursday,February,Q1,2025,2340.00,2340.00,2298.20,2324.60,2309.00,2312.45,2313.94,3743.90,2025.00,680544.00,56800.00
5-Feb-25,EQ,Wednesday,February,Q1,2025,2314.95,2349.40,2309.05,2301.50,2326.80,2324.60,2325.60,3743.90,2025.00,560940.00,43537.00
4-Feb-25,EQ,Tuesday,February,Q1,2025,2278.90,2312.00,2267.55,2261.85,2303.25,2301.50,2295.26,3743.90,2025.00,691187.00,55343.00
3-Feb-25,EQ,Monday,February,Q1,2025,2266.75,2279.00,2213.90,2270.00,2266.90,2261.85,2247.60,3743.90,2025.00,824942.00,63131.00
1-Feb-25,EQ,Saturday,February,Q1,2025,2297.00,2351.45,2237.55,2287.80,2269.95,2270.00,2290.99,3743.90,2025.00,987362.00,60333.00
31-Jan-25,EQ,Friday,January,Q1,2025,2238.85,2314.95,2213.75,2252.60,2297.00,2287.80,2280.98,3743.90,2025.00,2013345.00,96876.00
30-Jan-25,EQ,Thursday,January,Q1,2025,2325.00,2351.50,2201.30,2318.60,2247.90,2252.60,2267.93,3743.90,2025.00,2601625.00,146148.00
29-Jan-25,EQ,Wednesday,January,Q1,2025,2297.00,2326.25,2282.60,2286.05,2321.80,2318.60,2311.65,3743.90,2025.00,785220.00,54577.00
28-Jan-25,EQ,Tuesday,January,Q1,2025,2274.20,2315.85,2242.00,2259.70,2293.50,2286.05,2280.67,3743.90,2025.00,966497.00,68907.00
27-Jan-25,EQ,Monday,January,Q1,2025,2310.05,2318.10,2250.05,2315.10,2259.05,2259.70,2283.92,3743.90,2025.00,1032995.00,70412.00
24-Jan-25,EQ,Friday,January,Q1,2025,2387.75,2406.00,2299.40,2385.00,2314.05,2315.10,2350.05,3743.90,2025.00,1388583.00,82631.00
23-Jan-25,EQ,Thursday,January,Q1,2025,2383.00,2405.15,2355.00,2376.55,2376.30,2385.00,2383.47,3743.90,2025.00,826721.00,57688.00
22-Jan-25,EQ,Wednesday,January,Q1,2025,2399.00,2399.00,2325.15,2384.30,2377.00,2376.55,2350.04,3743.90,2025.00,1147334.00,70492.00
21-Jan-25,EQ,Tuesday,January,Q1,2025,2441.75,2441.75,2373.65,2442.80,2375.00,2384.30,2398.89,3743.90,2025.00,1206512.00,75686.00
20-Jan-25,EQ,Monday,January,Q1,2025,2413.75,2454.00,2390.00,2399.80,2434.10,2442.80,2424.85,3743.90,2025.00,1039435.00,62157.00
17-Jan-25,EQ,Friday,January,Q1,2025,2450.00,2450.00,2380.05,2427.85,2399.50,2399.80,2404.16,3743.90,2025.00,1122205.00,72852.00
16-Jan-25,EQ,Thursday,January,Q1,2025,2500.00,2570.00,2418.85,2388.15,2433.00,2427.85,2461.44,3743.90,2025.00,2841803.00,169165.00
15-Jan-25,EQ,Wednesday,January,Q1,2025,2399.00,2421.95,2372.65,2380.55,2377.70,2388.15,2394.10,3743.90,2025.00,1421437.00,89565.00
14-Jan-25,EQ,Tuesday,January,Q1,2025,2241.50,2422.90,2241.50,2225.15,2382.00,2380.55,2370.68,3743.90,2025.00,4120705.00,239191.00
13-Jan-25,EQ,Monday,January,Q1,2025,2365.00,2365.00,2216.90,2374.40,2227.00,2225.15,2280.87,3743.90,2025.00,1559903.00,104906.00
10-Jan-25,EQ,Friday,January,Q1,2025,2480.00,2484.60,2368.25,2477.90,2380.10,2374.40,2407.11,3743.90,2025.00,1418808.00,108945.00
9-Jan-25,EQ,Thursday,January,Q1,2025,2517.00,2517.55,2469.50,2515.25,2484.85,2477.90,2487.61,3743.90,2025.00,705838.00,60127.00
8-Jan-25,EQ,Wednesday,January,Q1,2025,2520.55,2530.00,2490.00,2520.55,2511.20,2515.25,2509.14,3743.90,2025.00,879641.00,74141.00
7-Jan-25,EQ,Tuesday,January,Q1,2025,2474.65,2525.00,2474.65,2474.45,2524.80,2520.55,2510.58,3743.90,2025.00,1019131.00,69952.00
6-Jan-25,EQ,Monday,January,Q1,2025,2557.65,2568.85,2463.50,2564.60,2472.00,2474.45,2497.27,3743.90,2025.00,1121398.00,88877.00
3-Jan-25,EQ,Friday,January,Q1,2025,2580.00,2619.00,2556.60,2597.70,2562.00,2564.60,2589.16,3743.90,2025.00,932795.00,52144.00
2-Jan-25,EQ,Thursday,January,Q1,2025,2565.70,2602.00,2537.00,2554.85,2587.85,2597.70,2569.89,3743.90,2025.00,1167236.00,73015.00
1-Jan-25,EQ,Wednesday,January,Q1,2025,2536.00,2644.20,2518.25,2528.65,2545.90,2554.85,2561.31,3743.90,2025.00,2875721.00,140672.00
31-Dec-24,EQ,Tuesday,December,Q4,2024,2575.00,2577.75,2507.45,2592.35,2530.00,2528.65,2531.14,3743.90,2025.00,2745674.00,124232.00
30-Dec-24,EQ,Monday,December,Q4,2024,2425.00,2610.00,2421.95,2409.95,2585.00,2592.35,2549.07,3743.90,2025.00,7825097.00,338992.00
27-Dec-24,EQ,Friday,December,Q4,2024,2415.00,2446.15,2390.50,2400.25,2420.00,2409.95,2421.00,3743.90,2025.00,1982291.00,73559.00
26-Dec-24,EQ,Thursday,December,Q4,2024,2378.05,2410.00,2368.00,2372.45,2401.00,2400.25,2389.27,3743.90,2025.00,895785.00,63476.00
24-Dec-24,EQ,Tuesday,December,Q4,2024,2355.20,2412.90,2340.00,2338.95,2372.00,2372.45,2381.05,3743.90,2025.00,1156186.00,70017.00
23-Dec-24,EQ,Monday,December,Q4,2024,2373.95,2379.50,2332.75,2344.95,2346.00,2338.95,2351.63,3743.90,2025.00,758920.00,54920.00
20-Dec-24,EQ,Friday,December,Q4,2024,2429.00,2453.85,2333.00,2419.35,2349.20,2344.95,2403.77,3743.90,2025.00,1337016.00,75322.00
